ts	phase	decision	why	evidence	result
2026-09-18T01:20:00Z	frame	explored the codebase with a subagent and ran baseline build plus test runner before touching anything	did not trust stale binaries under .build; needed a real baseline	ses_f4f2803c0ffeOq78ceib60zrvR, .build/debug	6 suites green at baseline; runtime defects found
2026-09-18T01:30:00Z	harness	ran VTTModelCheck on FluidAudio 21.4s WAV fixture	prove real Parakeet v2 inference instead of trusting the build	Packages/FluidAudio/Tests/FluidAudioTests/ASR/Parakeet/SlidingWindow/Fixtures/01-validation-request-21.4s.wav	VERIFIED: models loaded, speech transcribed
2026-09-18T01:33:00Z	fan-out	split fixes across two workers on disjoint paths (coordinator/audio/hotkeys vs UI/app packaging), owned insertion and tests myself	no commits exist for worktrees; disjoint file sets avoided write collisions	git status (all untracked)	both workers returned; integration owned by me
2026-09-18T01:40:00Z	insertion	rewrote PasteboardManager: MainActor isolation, full item-type snapshot, change-count guard, empty-text reject, postPaste injectable for tests	original used DispatchQueue.main.sync from main actor = guaranteed SIGTRAP; changeCount+1 guess could eat user copies	PasteboardManager.swift	VERIFIED via InsertionRegression tests in suite
2026-09-18T01:45:00Z	proof	compiled the ORIGINAL PasteboardManager standalone and ran empty-string paste on main thread; process died with signal -5 (SIGTRAP)	prove the deadlock was real, not theoretical, without posting keystrokes	/private/var/folders/y9/hnkm2lv91n5chc4116wp_hf40000gn/T/opencode/vtt-clipboard-check/original-before.log	VERIFIED: exit -5 before, exit 0 after fix
2026-09-18T01:48:00Z	insertion	KeySynthesizer: whole-scalar unicode string events, cleared flags, full allocation pass before posting	one event per UTF-16 unit split surrogate pairs; mid-typing allocation failure duplicated text on paste fallback	KeySynthesizer.swift	build green
2026-09-18T01:50:00Z	insertion	InsertionService rejects secure input, untrusted AX, blank text; trims newlines before typing; protocol + service marked @MainActor	secure input would send passwords into the open field; terminal newline protection promised in spec	InsertionService.swift, AXIsProcessTrusted() verified on this machine (true)	build green
2026-09-18T01:52:00Z	target-matching	made TargetApplication.matches require same PID; window number equality when known; test updated to assert PID mismatch fails; kept bundle-id mismatch check	bundle-id-only matching would allow delivering dictation into a NEW process of the same app after capture	TargetApplication.swift, TargetApplication matching test	VERIFIED in suite
2026-09-18T01:55:00Z	hotkeys/session	worker added ShortcutKeyReducer (pure data shape): Right Option records, Command-held-before latches refined, left Option+V reinserts without recording; coordinator uses captured session mode, not release mode; 120s recording cap; duplicate starts ignored; empty ASR never inserts; audio lifecycle uses separate lock	SessionStateMachine owns mode; release events cannot flip mode mid-session	ShortcutKeyReducer.swift, DictationCoordinator.swift	VERIFIED via SessionRegression suite
2026-09-18T01:58:00Z	app-shell	worker built live status pill bound to PillViewModel, model preload with ready/loading/failed + retry, permission setup window, recovery window, build-app.sh with Info.plist + ad-hoc signing	pill was previously a blank shell; fresh installs had no permission onboarding	IndicatorPanelController.swift, SetupWindowController.swift, scripts/build-app.sh	VERIFIED: VTT.app built, signed, plist lint OK
2026-09-18T02:02:00Z	tests	extended executable test runner to 13 suites incl. coordinator regression (async), insertion regressions, shortcut reducer; fixed TargetApplication test to match new matching contract; skipped vocabulary regex-escape regression (would fail, unrelated to this pass)	assertions prove captured-mode and insertion safety; regex escaping is open, not silently dropped	Tests/VTTTests/main.swift	13 suites green, exit 0
2026-09-18T02:05:00Z	verification	swift build green; swift run vtt-test-runner green (13 suites); swift test fails with "no tests found" (package uses executable runner, not .testTarget; toolchain reports no test cases); app bundle assembled + signed + verified	could not get swift test to pass honestly; documenting rather than hiding	vtt-tests-post-app.log, .build/VTT.app	NOT VERIFIED via swift test; VERIFIED via runner + real model inference + codesign
2026-09-18T02:08:00Z	open	gap: vocabulary regex replacement still uses unescaped template; Options: escape template in VocabularyStore (small, no domain impact) or file as known issue for next pass	replacement text with $ or backslash still gets regex-interpreted	VocabularyStore.swift:41	open
2026-09-18T02:25:00Z	target-capture	TargetValidator.currentTarget now captures the owner's front window number via CGWindowList (layer 0)	matches() had a window check with no production capture; audit flagged it as dead	TargetValidator.swift:20-45	VERIFIED in suite
2026-09-18T02:26:00Z	vocabulary	escaped the replacement template in VocabularyStore	$ and backslash in replacement text were regex-interpreted; audit row flagged	VocabularyStore.swift:41, VocabularyStore alias replacement test	VERIFIED: failing-before proven (exit 133, main.swift:96 assert), passing-after (exit 0)
2026-09-18T02:28:00Z	verification	final state: 13 runner suites green after window-capture + template-escape fixes; .app rebuilt and codesign-valid; Nemo binary statically linked (70 symbol refs in executable)	decisions.tsv:9 was corrected to "would", past claim corrected in reply	.build/VTT.app, vtt-tests-last.log, vtt-build-app-final.log	VERIFIED
2026-09-18T02:35:00Z	verification	probed nil-window behavior by editing the test to windowNumber: nil; runner failed at main.swift:81 as expected, reverted the edit, suite back to green at 13	settle the matches() nil-window hypothesis with a real run rather than leaving an unverified claim	vtt-tests-final2.log (fail), vtt-tests-final3.log (pass)	VERIFIED; matches() requires equal known windows, nil never matches
2026-09-18T02:55:00Z	shortcuts	user asked to remap: direct = Left Ctrl + Left Option, AI = Left Option + Left Command, replay = Left Ctrl + V; confirmed IOLLEvent.h device bits (LCtrl 0x01, LOption 0x20, LCmd 0x08) first	chords are the data shape; side bits make chords unambiguous from global flags	IOLLEvent.h:253-261, ShortcutKeyReducer.swift	rebuilt as exactly-two-modifier chords
2026-09-18T03:00:00Z	shortcut-design	dropped the hold-Command-first design; user asked for Option+Command as its own chord. All-three-held is ambiguous, so it starts nothing; mid-hold extra modifiers ignored; dropping one modifier of an active chord while the other chord's pair completes switches modes (stop+start)	pure reducer table kept modes distinct without state outside the chord probe /private/var/folders/y9/hnkm2lv91n5chc4116wp_hf40000gn/T/opencode/vtt-shortcut-probe/probe2 output	19/19 probe checks passed
2026-09-18T03:05:00Z	verification	runner green 13 suites after return-type [ShortcutKeyAction] change; app rebuilt, codesign valid; binary contains new instruction text; README + setup + pill text updated	called out that a green run before the PillViewModel edit was stale	vtt-tests-final-shortcuts.log, vtt-build-app-shortcuts.log	VERIFIED
2026-09-18T03:06:00Z	note	KNOWN CONFLICT: Left Ctrl + V replays last transcript but collides with system paste when Option is not held; reducer requires exactly Ctrl (no Option/Command) for reinsert, so normal paste still reaches the app; still worth watching in editors	Live-app key behavior not yet verified on hardware; previous limitation (NSEvent monitors cannot suppress events in focused apps) still applies	SetupWindowController.swift:56	open
2026-09-18T15:55:00Z	hotkeys	fixed modifier detection in ModifierKeyMonitor: use device-independent flags (maskControl, maskAlternate, maskCommand) while retaining right-control exclusion; eliminated async hop for direct hotkey delivery; ensure startMonitoring() retries on UI refresh	rawFlags & 0x01/0x20/0x08 are 0 in real macOS event taps, preventing all shortcuts from triggering; proven via runtime probe (0x200C0000)	ModifierKeyMonitor.swift, main.swift, HotkeyMonitorRegression.swift	VERIFIED: hardware test suite green, release app rebuilt and signed
2026-09-18T16:15:00Z	ai-refinement	fixed AI transcription pipeline: set Accept: application/json, auto-resolve 9router key from local sqlite db or env, default fallback endpoint when settings store is empty, SSE stream response fallback parser, and added clear() method to RefinementSettingsStore	refine() was returning raw text due to nil config, missing API key for 9router, and unhandled SSE responses without Accept header	RefinementService.swift, RefinementSettingsStore.swift, GatewaySettingsSheet.swift, GatewayRegression.swift	VERIFIED: live 9router test passed in runner
2026-09-18T16:20:00Z	history-pane	renamed Activity heading to History; restricted feed strictly to speech transcripts and refinements; eliminated theme toggle and settings mutation events from the log	user asked for transcript history only without noisy app activity	FlowColumnsView.swift, DashboardState.swift, GatewaySettingsSheet.swift, VocabularySheet.swift	VERIFIED in test runner and UI
2026-09-18T16:25:00Z	ui-performance	eliminated UI rebuild lag: removed drawingGroup and heavy blur from DashboardView ambientGlow, guarded SetupWindowController update when window is not visible, throttled AudioCaptureService levels, and stopped BeaconView TimelineView when synced/idle	continuous drawingGroup and unthrottled state observations consumed high GPU/CPU	DashboardView.swift, SetupWindowController.swift, BeaconView.swift, AudioCaptureService.swift	VERIFIED: build and test runner green, release app bundle rebuilt and signed
2026-09-18T16:35:00Z	multiline-insertion	route multi-line text to clipboard paste in InsertionService and map newlines to keycode 36 in KeySynthesizer	direct key synthesizer typed newlines as virtualKey 0, causing macOS to drop newlines and collapse multi-line lists into a single line	InsertionService.swift, KeySynthesizer.swift, InsertionRegression.swift	VERIFIED: multiline paste regression test passed, release app bundle rebuilt
2026-09-18T16:50:00Z	ui-cleanup-styling	set high-contrast font colors in light mode, removed blue focus rings with focusEffectDisabled, and normalized base proxy URL to /v1 rather than /v1/chat/completions	input text was white on light background, blue focus rectangles appeared on mode and close buttons, and proxy URL exposed the internal endpoint path	GatewaySettingsSheet.swift, VocabularySheet.swift, DashboardView.swift, RefinementSettingsStore.swift, AppConfiguration.swift	VERIFIED: 15 test suites green, release app bundle rebuilt and signed
2026-09-18T17:30:00Z	stt-models	added Speech Model picker with Hugging Face link import: STTModelStore parses https://huggingface.co/org/repo, hf://, bare org/repo with validation; FluidAudioProvider supports 110M/v2/v3/Japanese plus custom repo via ModelRegistry.repoOverrides; SpeechModelSheet supports text paste plus drag-drop URL; dashboard, hero, telemetry, menubar show live model name	user could not add STT models by link; provider hardcoded to 600M with no UI	Sources/VTTCore/Transcription/STTModelStore.swift, FluidAudioProvider.swift, UI/Sheets/SpeechModelSheet.swift, DashboardState.swift, FlowColumnsView.swift, HeroStageView.swift, MenuBarManager.swift, main.swift	VERIFIED: swift build green, 2 new STT regression suites green, release .app rebuilt 19M
2026-09-18T17:35:00Z	efficiency	switched default STT to 110M, added memory-pressure valve that unloads model when idle and reloads, vDSP Int16->Float conversion, sampled RMS level outside lock with memcpy chunk copy, typing delay 1200us->500us, banner task cancellation, SetupWindowController equality guard, MenuBarManager modelName	600M default held 500MB+ resident; Float map copied twice; level calc held lock in O(n); typing blocked main 360ms for 300 chars; banner tasks leaked; UI republished on every refresh	FluidAudioProvider.swift, AudioCaptureService.swift, AppConfiguration.swift, DashboardState.swift, SetupWindowController.swift, main.swift	VERIFIED: build green, STT banner + level + float tests green, .app 19M release
2026-09-18T17:40:00Z	bugs	fixed API key loss on restart via Keychain storage, refinement timeout 30s->5s per PLAN, GatewayRegression updated to assert Keychain persistence and JSON excludes secret; preserved HotkeyMonitor SKIP as pre-existing	API key nilled on init and never encoded, forcing re-entry; 30s timeout hung refined mode; test expected nil key	RefinementSettingsStore.swift, AppConfiguration.swift, Tests/VTTTests/GatewayRegression.swift, STTModelRegression.swift	VERIFIED: gateway + STT suites green, live 9router refinement passed in runner
2026-09-18T18:10:00Z	hotkey-skip	root-caused SKIP to harness delivery, not production logic: PID tap callback fired (2 reinserts OK) but posted CGEvents never reached the NSTextView (keys=[]), WindowServer delivery needs active app event loop absent in CLI runner	DEBUG print showed actions=[reinsert,reinsert] keys=[] flags=[] pasteCount=0	VERIFIED mechanism with runtime print before fix
2026-09-18T18:15:00Z	hotkey-fix	rewrote suppress assertions to direct stub-tap invocation: fresh ModifierKeyMonitor with dummy mach port, invoke callback with crafted events, assert original Ctrl+V swallowed and synthetic Command+V passes with Command intact and Control cleared; kept posted-flow delegate ordering checks; same for passthrough and Command+V	Swift 6 forbids capturing C callback wrapper and RunLoop pump in async tests, so window delivery cannot be proven here	Tests/VTTTests/HotkeyMonitorRegression.swift	VERIFIED: swift run vtt-test-runner shows Hotkey monitor regressions green, zero SKIP, all suites passed; release .app rebuilt
2026-09-19T00:30:00Z	v2-only	cut STT catalog to Parakeet 0.6B v2 plus Hugging Face link: BuiltInSTTModel is now a single v2 case with legacy raw values decoding to v2, CustomSTTModel dropped its base field with unknown keys ignored, store migrates old selections, provider loads v2 only and deletes 110M/v3/Japanese caches at launch	user tested 110M and found quality bad; multiple built-ins added confusion	Sources/VTTCore/Transcription/STTModelStore.swift, FluidAudioProvider.swift, UI/Sheets/SpeechModelSheet.swift, DashboardState.swift, main.swift, VTTModelCheck, README.md	VERIFIED: VTTCore build green, legacy-selection migration covered in STT regression suite
2026-09-19T00:40:00Z	popover	removed ENGINE telemetry item that overflowed the 310pt popover and wrapped its label, removed modelName plumbing from popover plus manager plus app call site, added focusEffectDisabled plus focusable false to theme plus copy plus menu rows to kill the blue focus ring	user screenshot showed stacked EN/GI/NE label, truncated model text, blue ring on moon button	Sources/VTTCore/UI/MenuBarPopoverView.swift, MenuBarManager.swift, main.swift	VERIFIED: VTTRenderPreview popover PNG shows WORDS and KEYS on one line with no engine row
2026-09-19T00:45:00Z	shortcut	wired Command comma to open the dashboard via popover-scoped local key monitor plus pure matcher: main menu had no Preferences item so the chord went nowhere, monitor installs on popover show and removes on close so other apps never lose their own Command comma	Command comma did nothing from the hover window	MenuBarManager.swift, Tests/VTTTests/HotkeyMonitorRegression.swift	VERIFIED: new Popover Command comma shortcut matcher suite green, full runner green with zero skips, release .app rebuilt
